<?xml version='1.0' encoding='utf-8' standalone='yes' ?>
<map>
    <string name="prefAppIconSize">0</string>
    <string name="packageorder_4">com.netflix.mediaclient</string>
    <string name="prefJumpbackWatchdogTime">5000</string>
    <boolean name="prefBackgroundObservationEnabled" value="true" />
    <string name="packageorder_6">org.videolan.vlc</string>
    <boolean name="prefClearPreviousInstancesForDoubleClick" value="false" />
    <string name="packageorder_5">com.oprah.owntve</string>
    <boolean name="prefClearPreviousInstancesForSingleClick" value="false" />
    <string name="prefClickInterval">500</string>
    <boolean name="prefShowSysApps" value="false" />
    <int name="packageorder_size" value="11" />
    <boolean name="prefHideLeftBarInAppOverview" value="true" />
    <string name="prefLanguage"></string>
    <string name="packageorder_7">com.opera.mini.android</string>
    <string name="packageorder_8">cm.aptoidetv.pt</string>
    <boolean name="prefBackgroundObservationFallBackToNonAdb" value="true" />
    <boolean name="prefBackgroundObservationViaAdb" value="false" />
    <string name="packageorder_0">org.xbmc.kodi</string>
    <string name="prefHomeDoubleClickPackage">org.xbmc.kodi</string>
    <boolean name="prefShowBackgroundForAppNames" value="false" />
    <string name="packageorder_9">com.firepwn.home.montoya.virtual.settings</string>
    <string name="packageorder_10">com.amazon.tv.launcher</string>
    <string name="prefHomeSingleClickPackage">com.firepwn.home.montoya</string>
    <string name="packageorder_3">pct.droid</string>
    <string name="prefKodiUpdatePolicy">Stable</string>
    <boolean name="prefHaveUpdateSeen" value="false" />
    <string name="packageorder_1">teatv.videoplayer.moviesguide</string>
    <string name="prefStartupPackage">com.firepwn.home.montoya</string>
    <string name="packageorder_2">com.mobdro.android</string>
    <set name="prefHiddenApps">
        <string>org.acestream</string>
        <string>com.firepwn.home.montoya</string>
        <string>org.sopcast.android</string>
    </set>
    <boolean name="prefAutoSelectFirstIcon" value="true" />
</map>
