<?xml version='1.0' encoding='utf-8' standalone='yes' ?>
<map>
    <string name="prefAppIconSize">0</string>
    <string name="packageorder_4">net.ztryce.showtouches</string>
    <string name="prefJumpbackWatchdogTime">5000</string>
    <boolean name="prefBackgroundObservationEnabled" value="true" />
    <boolean name="prefClearPreviousInstancesForDoubleClick" value="false" />
    <string name="packageorder_5">info.bunny178.grid</string>
    <boolean name="prefClearPreviousInstancesForSingleClick" value="false" />
    <string name="prefClickInterval">500</string>
    <boolean name="prefShowSysApps" value="true" />
    <int name="packageorder_size" value="6" />
    <boolean name="prefHideLeftBarInAppOverview" value="true" />
    <string name="prefLanguage"></string>
    <boolean name="prefBackgroundObservationFallBackToNonAdb" value="true" />
    <boolean name="prefBackgroundObservationViaAdb" value="false" />
    <string name="packageorder_0">com.speedsoftware.rootexplorer</string>
    <string name="prefHomeDoubleClickPackage">org.xbmc.kodi</string>
    <boolean name="prefShowBackgroundForAppNames" value="false" />
    <string name="prefHomeSingleClickPackage">com.firepwn.home.montoya</string>
    <string name="packageorder_3">fr.mydedibox.hdxposed</string>
    <string name="prefKodiUpdatePolicy">Stable</string>
    <boolean name="prefHaveUpdateSeen" value="false" />
    <string name="packageorder_1">com.firepwn.home.montoya.virtual.settings</string>
    <string name="prefStartupPackage">com.firepwn.home.montoya</string>
    <string name="packageorder_2">de.robv.android.xposed.installer</string>
    <set name="prefHiddenApps">
        <string>com.amazon.device.lowstoragemanager</string>
        <string>com.amazon.tv.ime</string>
        <string>com.amazon.whisperplay.contracts</string>
        <string>com.android.htmlviewer</string>
        <string>com.amazon.device.settings.sdk.internal.library</string>
        <string>com.android.packageinstaller</string>
        <string>com.android.externalstorage</string>
        <string>com.android.providers.userdictionary</string>
        <string>com.amazon.cpl</string>
        <string>com.amazon.client.metrics.api</string>
        <string>com.amazon.metrics.api</string>
        <string>com.android.shell</string>
        <string>com.android.sharedstoragebackup</string>
        <string>com.amazon.wcast.sink</string>
        <string>com.google.android.setupwizard</string>
        <string>com.android.proxyhandler</string>
        <string>com.broadcom.wfd.service</string>
        <string>org.acestream</string>
        <string>com.broadcom.diagnostics</string>
        <string>com.firepwn.home.montoya</string>
        <string>com.amazon.dp.logger</string>
        <string>com.google.android.feedback</string>
        <string>com.amazon.kindleautomatictimezone</string>
        <string>com.amazon.fireinputdevices</string>
        <string>com.amazon.bueller.photos</string>
        <string>com.amazon.bluetoothinternals</string>
        <string>com.amazon.whisperlink.core.android</string>
        <string>com.google.android.onetimeinitializer</string>
        <string>com.android.keychain</string>
        <string>com.android.bluetooth</string>
        <string>com.android.providers.settings</string>
        <string>com.google.android.syncadapters.contacts</string>
        <string>com.amazon.storm.lightning.services</string>
        <string>com.google.android.syncadapters.calendar</string>
        <string>com.android.captiveportallogin</string>
        <string>com.amazon.vizzini</string>
        <string>com.google.android.gms</string>
        <string>com.google.android.backuptransport</string>
        <string>com.amazon.tv.launcher</string>
        <string>com.google.android.configupdater</string>
        <string>com.amazon.device.settings</string>
        <string>com.amazon.tv.fw.metrics</string>
        <string>com.android.vpndialogs</string>
        <string>com.amazon.tv.settings</string>
        <string>com.android.pacprocessor</string>
        <string>com.amazon.dcp.contracts.library</string>
        <string>amazon.fireos</string>
        <string>com.broadcom.wfd.client</string>
        <string>com.amazon.connectivitydiag</string>
        <string>com.amazon.client.metrics</string>
        <string>com.android.defcontainer</string>
        <string>org.sopcast.android</string>
        <string>com.android.providers.media</string>
        <string>com.amazon.storm.lightning.tutorial</string>
        <string>com.android.certinstaller</string>
        <string>android</string>
        <string>com.android.webview</string>
        <string>com.amazon.tv.resolutioncycler</string>
        <string>com.amazon.whisperplay.service.install</string>
        <string>com.amazon.device.controllermanager</string>
        <string>com.google.android.gsf</string>
        <string>com.google.android.partnersetup</string>
        <string>com.google.android.gsf.login</string>
    </set>
    <boolean name="prefAutoSelectFirstIcon" value="true" />
    <string name="prefVirtualSleepTime">5</string>
</map>
