<?xml version='1.0' encoding='utf-8' standalone='yes' ?>
<map>
    <string name="prefAppIconSize">0</string>
    <string name="packageorder_17">org.videolan.vlc</string>
    <string name="packageorder_19">cm.aptoidetv.pt</string>
    <string name="packageorder_4">com.solextv</string>
    <string name="prefJumpbackWatchdogTime">5000</string>
    <boolean name="prefBackgroundObservationEnabled" value="true" />
    <boolean name="prefClearPreviousInstancesForDoubleClick" value="false" />
    <string name="packageorder_6">com.typhoon.tv</string>
    <string name="packageorder_12">com.google.android.youtube.googletv</string>
    <string name="packageorder_5">com.cybermedia.cyberflx</string>
    <boolean name="prefClearPreviousInstancesForSingleClick" value="false" />
    <string name="packageorder_14">com.hulu.plus</string>
    <string name="packageorder_11">com.curiousbrain.popcornflix</string>
    <string name="prefClickInterval">500</string>
    <string name="packageorder_18">com.bambuna.podcastaddict</string>
    <boolean name="prefShowSysApps" value="false" />
    <int name="packageorder_size" value="23" />
    <boolean name="prefHideLeftBarInAppOverview" value="true" />
    <string name="prefLanguage"></string>
    <string name="packageorder_7">com.yoku.marumovie</string>
    <string name="packageorder_8">com.battlenet.showguide</string>
    <boolean name="prefBackgroundObservationFallBackToNonAdb" value="true" />
    <boolean name="prefBackgroundObservationViaAdb" value="false" />
    <string name="packageorder_0">org.xbmc.kodi</string>
    <string name="prefHomeDoubleClickPackage">org.xbmc.kodi</string>
    <string name="packageorder_22">com.fluxii.android.mousetoggleforfiretv</string>
    <string name="packageorder_16">com.plexapp.android</string>
    <boolean name="prefShowBackgroundForAppNames" value="false" />
    <string name="packageorder_10">com.mobdro.android</string>
    <string name="packageorder_9">com.tubitv</string>
    <string name="prefHomeSingleClickPackage">com.firepwn.home.montoya</string>
    <string name="packageorder_13">com.amazon.amazonvideo.livingroom</string>
    <string name="packageorder_15">com.netflix.mediaclient</string>
    <string name="packageorder_3">com.tdo.showbox</string>
    <string name="packageorder_20">com.amazon.cloud9</string>
    <string name="prefKodiUpdatePolicy">Stable</string>
    <boolean name="prefHaveUpdateSeen" value="false" />
    <string name="packageorder_1">com.flymovie.tvguide</string>
    <string name="prefStartupPackage">com.firepwn.home.montoya</string>
    <set name="prefHiddenApps">
        <string>org.acestream</string>
        <string>com.firepwn.home.montoya.virtual.settings</string>
        <string>com.firepwn.home.montoya</string>
        <string>com.amazon.tv.launcher</string>
        <string>org.sopcast.android</string>
    </set>
    <string name="packageorder_2">pct.droid</string>
    <string name="packageorder_21">com.cloudmosa.puffinTV</string>
    <boolean name="prefAutoSelectFirstIcon" value="true" />
    <string name="prefVirtualSleepTime">5</string>
</map>
