<?xml version='1.0' encoding='utf-8' standalone='yes' ?>
<map>
    <string name="prefAppIconSize">0</string>
    <string name="packageorder_4">com.tdo.showbox</string>
    <string name="prefJumpbackWatchdogTime">5000</string>
    <boolean name="prefBackgroundObservationEnabled" value="true" />
    <boolean name="prefClearPreviousInstancesForDoubleClick" value="false" />
    <string name="packageorder_6">com.netflix.mediaclient</string>
    <string name="packageorder_12">com.amazon.tv.launcher</string>
    <string name="packageorder_5">com.google.android.youtube.googletv</string>
    <boolean name="prefClearPreviousInstancesForSingleClick" value="false" />
    <string name="packageorder_11">com.firepwn.home.montoya.virtual.settings</string>
    <string name="prefClickInterval">500</string>
    <boolean name="prefShowSysApps" value="false" />
    <int name="packageorder_size" value="13" />
    <boolean name="prefHideLeftBarInAppOverview" value="true" />
    <string name="prefLanguage"></string>
    <string name="packageorder_7">org.videolan.vlc</string>
    <string name="packageorder_8">com.opera.mini.android</string>
    <boolean name="prefBackgroundObservationFallBackToNonAdb" value="true" />
    <boolean name="prefBackgroundObservationViaAdb" value="false" />
    <string name="packageorder_0">org.xbmc.kodi</string>
    <string name="prefHomeDoubleClickPackage">org.xbmc.kodi</string>
    <boolean name="prefShowBackgroundForAppNames" value="false" />
    <string name="packageorder_9">cm.aptoidetv.pt</string>
    <string name="packageorder_10">com.fluxii.android.mousetoggleforfiretv</string>
    <string name="prefHomeSingleClickPackage">com.firepwn.home.montoya</string>
    <string name="packageorder_3">pct.droid</string>
    <string name="prefKodiUpdatePolicy">Stable</string>
    <boolean name="prefHaveUpdateSeen" value="false" />
    <string name="packageorder_1">com.flymovie.tvguide</string>
    <string name="prefStartupPackage">com.firepwn.home.montoya</string>
    <string name="packageorder_2">com.mobdro.android</string>
    <set name="prefHiddenApps">
        <string>org.acestream</string>
        <string>com.firepwn.home.montoya</string>
        <string>org.sopcast.android</string>
    </set>
    <boolean name="prefAutoSelectFirstIcon" value="true" />
</map>
