<?xml version='1.0' encoding='utf-8' standalone='yes' ?>
<map>
    <string name="packageorder_17">cm.aptoidetv.pt</string>
    <string name="packageorder_19">com.speedsoftware.rootexplorer</string>
    <string name="prefAppIconSize">0</string>
    <string name="packageorder_4">com.curiousbrain.popcornflix</string>
    <string name="prefJumpbackWatchdogTime">5000</string>
    <boolean name="prefBackgroundObservationEnabled" value="true" />
    <string name="packageorder_6">com.nemo.vidmate</string>
    <boolean name="prefClearPreviousInstancesForDoubleClick" value="false" />
    <string name="packageorder_12">mobi.usound.ares.vi</string>
    <string name="packageorder_5">com.tubitv</string>
    <string name="packageorder_14">org.videolan.vlc</string>
    <boolean name="prefClearPreviousInstancesForSingleClick" value="false" />
    <string name="packageorder_11">com.amazon.mp3</string>
    <string name="prefClickInterval">500</string>
    <string name="packageorder_18">com.teamviewer.quicksupport.market</string>
    <boolean name="prefShowSysApps" value="false" />
    <int name="packageorder_size" value="21" />
    <boolean name="prefHideLeftBarInAppOverview" value="true" />
    <string name="prefLanguage"></string>
    <string name="packageorder_7">org.schabi.newpipe</string>
    <string name="packageorder_8">com.netflix.mediaclient</string>
    <boolean name="prefBackgroundObservationFallBackToNonAdb" value="true" />
    <boolean name="prefBackgroundObservationViaAdb" value="false" />
    <string name="packageorder_0">org.xbmc.kodi</string>
    <string name="prefHomeDoubleClickPackage">org.xbmc.kodi</string>
    <string name="packageorder_16">org.fdroid.fdroid</string>
    <boolean name="prefShowBackgroundForAppNames" value="false" />
    <string name="packageorder_9">com.hulu.livingroomplus</string>
    <string name="packageorder_10">com.amazon.avod.thirdpartyclient</string>
    <string name="packageorder_13">in.shick.diode</string>
    <string name="prefHomeSingleClickPackage">com.firepwn.home.montoya</string>
    <string name="packageorder_15">com.opera.mini.android</string>
    <string name="packageorder_3">tv.pluto.android</string>
    <string name="packageorder_20">com.firepwn.home.montoya.virtual.settings</string>
    <string name="prefKodiUpdatePolicy">Stable</string>
    <boolean name="prefHaveUpdateSeen" value="false" />
    <string name="packageorder_1">com.mobdro.android</string>
    <string name="prefStartupPackage">com.firepwn.home.montoya</string>
    <string name="packageorder_2">pct.droid</string>
    <set name="prefHiddenApps">
        <string>org.acestream</string>
        <string>com.firepwn.home.montoya</string>
        <string>org.sopcast.android</string>
    </set>
    <boolean name="prefAutoSelectFirstIcon" value="true" />
</map>
